{
  "definition": {
    "$schema": "https://schema.management.azure.com/providers/Microsoft.Logic/schemas/2016-06-01/workflowdefinition.json#",
    "actions": {
      "Send_an_email_(V2)": {
        "type": "ApiConnection",
        "inputs": {
          "host": {
            "connection": {
              "referenceName": "outlook"
            }
          },
          "method": "post",
          "body": {
            "To": "amalalsarrar@gmail.com",
            "Subject": "ADF - Pipeline Failed",
            "Body": "<p>Greetings Amal,</p><br><p>Your Pipeline failed!</p><br><p>Pipeline Name:@{triggerBody()?['Pipeline']} </p><p>Run Id:  @{triggerBody()?['Runid']} </p><p>ADF : @{triggerBody()?['DataFactoryName']}</p><p>Error Message: @{triggerBody()?['ErrorMessage']}</p>",
            "Importance": "Normal"
          },
          "path": "/v2/Mail"
        },
        "runAfter": {}
      }
    },
    "contentVersion": "1.0.0.0",
    "outputs": {},
    "triggers": {
      "When_a_HTTP_request_is_received": {
        "type": "Request",
        "kind": "Http",
        "inputs": {
          "method": "POST",
          "schema": {
            "type": "object",
            "properties": {
              "Pipeline": {
                "type": "string"
              },
              "ErrorMessage": {
                "type": "string"
              },
              "DataFactoryName": {
                "type": "string"
              },
              "Runid": {
                "type": "string"
              }
            }
          }
        }
      }
    }
  },
  "kind": "Stateless"
}