{
	"name": "trigger1",
	"properties": {
		"annotations": [],
		"runtimeState": "Started",
		"pipelines": [
			{
				"pipelineReference": {
					"referenceName": "RunOnceWeekly",
					"type": "PipelineReference"
				}
			}
		],
		"type": "ScheduleTrigger",
		"typeProperties": {
			"recurrence": {
				"frequency": "Week",
				"interval": 1,
				"startTime": "2024-05-24T23:43:00",
				"timeZone": "Arab Standard Time",
				"schedule": {
					"minutes": [
						37
					],
					"hours": [
						9
					],
					"weekDays": [
						"Saturday"
					]
				}
			}
		}
	}
}