{
	"name": "AzureDatabricks1",
	"properties": {
		"annotations": [],
		"type": "AzureDatabricks",
		"typeProperties": {
			"domain": "https://adb-905996515831982.2.azuredatabricks.net",
			"accessToken": {
				"type": "AzureKeyVaultSecret",
				"store": {
					"referenceName": "ls_ProjectKeyVault",
					"type": "LinkedServiceReference"
				},
				"secretName": "AzureDatabricks"
			},
			"newClusterNodeType": "Standard_DS3_v2",
			"newClusterNumOfWorker": "1",
			"newClusterSparkEnvVars": {
				"PYSPARK_PYTHON": "/databricks/python3/bin/python3"
			},
			"newClusterVersion": "13.3.x-scala2.12",
			"clusterOption": "Fixed",
			"newClusterInitScripts": []
		}
	}
}