{
	"name": "ds_load_generic_pq",
	"properties": {
		"description": "This data set loads post from we cloud data's blob storage to posts file in my blob storage in a Parquet format",
		"linkedServiceName": {
			"referenceName": "AzureDataLakeStorage1",
			"type": "LinkedServiceReference"
		},
		"parameters": {
			"container": {
				"type": "string"
			},
			"path": {
				"type": "string"
			}
		},
		"annotations": [],
		"type": "Parquet",
		"typeProperties": {
			"location": {
				"type": "AzureBlobFSLocation",
				"fileName": {
					"value": "@dataset().path",
					"type": "Expression"
				},
				"fileSystem": {
					"value": "@dataset().container",
					"type": "Expression"
				}
			},
			"compressionCodec": "snappy"
		},
		"schema": []
	}
}