{
	"name": "ds_load_Users_csv",
	"properties": {
		"description": "This data set loads users from RDS in postgressql format to users file in my blob storage in a csv format",
		"linkedServiceName": {
			"referenceName": "ls_my_blob",
			"type": "LinkedServiceReference"
		},
		"annotations": [],
		"type": "DelimitedText",
		"typeProperties": {
			"location": {
				"type": "AzureBlobStorageLocation",
				"fileName": "rds-Users.csv",
				"folderPath": "Capstone2/users",
				"container": "mydatalakefilesystem"
			},
			"columnDelimiter": ",",
			"escapeChar": "\\",
			"firstRowAsHeader": true,
			"quoteChar": "\""
		},
		"schema": []
	}
}